genus	species	short_name	symbol	ncbi
Abies	grandis	Abies grandis	Abg	46611
Acer	pseudoplatanus	Acer pseudoplatanus	Ap	4026
Acetobacter		Acetobacter		434
Acetobacterium	woodii		Aw	33952
Acinetobacter	baylyi	Acinetobacter baylyi	Ab	62977
Actinidia	chinensis	Actinidia chinensis	Ac	3625
Actinidia	deliciosa	Actinidia deliciosa	Ad	3627
Actinidia	eriantha	Actinidia eriantha	Ae	165200
Actinomycetota		Actinomycetota		201174
Adiantum	capillus-veneris	Adiantum capillus-veneris	Adc	13818
Adonideae		Adonideae		1463139
Adonis	aestivalis	Adonis aestivalis	Aa	151078
Adonis	annua	Adonis annua	Ada	212759
Aegilops	tauschii	Aegilops tauschii	Aet	37682
Agapanthus	africanus	Agapanthus africanus	Aga	51501
Ajuga	reptans	Ajuga reptans	Ar	38596
Alangium	lamarckii	Alangium lamarckii	Al	16896
Albizia	julibrissin	Albizia julibrissin	Aj	3813
Alectoria	(lichen)	Alectoria (lichen)	A(	111638
Allioideae		Allioideae		40553
Allium	aflatunense	Allium aflatunense	Ala	70752
Allium	altaicum	Allium altaicum	Aa2	48666
Allium	altyncolicum	Allium altyncolicum	Aa3	165602
Allium	ampeloprasum	Allium ampeloprasum	Aa4	4681
Allium	ascalonicum	Allium ascalonicum	Aa5	1476995
Allium	cepa	Allium cepa	Alc	4679
Allium	chinense	Allium chinense	Ac2	130426
Allium	fistulosum	Allium fistulosum	Af	35875
Allium	nutans	Allium nutans	Aln	138328
Allium	ochotense	Allium ochotense	Ao	669879
Allium	sativum	Allium sativum	As	4682
Allium	schoenoprasum	Allium schoenoprasum	Als	74900
Allium	siculum	Allium siculum	As2	105310
Allium	tuberosum	Allium tuberosum	Alt	4683
Allium	ursinum	Allium ursinum	Au	4684
Allium	victorialis	Allium victorialis	Av	88845
Aloe		Aloe		25641
Aloe	arborescens	Aloe arborescens	Aa6	45385
Aloe	ferox	Aloe ferox	Alf	117798
Alveolata		Alveolata		33630
Amanita	muscaria	Amanita muscaria	Am	41956
Amaranthus	cruentus	Amaranthus cruentus	Amc	117272
Amaranthus	hypochondriacus	Amaranthus hypochondriacus	Ah	28502
Amaryllidaceae		Amaryllidaceae		4668
Ammi	majus	Ammi majus	Amm	48026
Amoebozoa		Amoebozoa		554915
Amorpha	fruticosa	Amorpha fruticosa	Amf	48131
Amygdaloideae		Amygdaloideae		171637
Anaerotignum	propionicum	Anaerotignum propionicum	Anp	28446
Anchusa	officinalis	Anchusa officinalis	Ano	89630
Anemone	leveillei	Anemone leveillei	Anl	212809
Anethum	foeniculum	Anethum foeniculum	Anf	734088
Anigozanthos	preissii	Anigozanthos preissii	Ap2	95948
Anisodus	acutangulus	Anisodus acutangulus	Ana	402998
Anopheles	gambiae	Mosquito	Ag	7165
Anthriscus	sylvestris	Anthriscus sylvestris	Ans	48027
Antirrhinum	majus	Antirrhinum majus	Anm	4151
Aphelandra	squarrosa	Aphelandra squarrosa	Aps	103766
Apiaceae		Apiaceae		4037
Apiales		Apiales		4036
Apicomplexa		Apicomplexa		5794
Apium	graveolens	Apium graveolens	Apg	4045
Apocynaceae		Apocynaceae		4056
Aquifex	aeolicus	Aquifex aeolicus	Aqa	63363
Aquilaria	crassna	Aquilaria crassna	Aqc	223751
Aquilegia	vulgaris	Aquilegia vulgaris	Aqv	3451
Arabidopsis	lyrata	Arabidopsis lyrata	Arl	59689
Arabidopsis	thaliana	Arabidopsis	At	3702
Arabidopsis	thaliana	Arabidopsis thaliana	Art	3702
Arachis	hypogaea	Arachis hypogaea	Arh	3818
Archaea		Archaea		2157
Archaeoglobus	fulgidus	Archaeoglobus fulgidus	Arf	2234
Artemisia	annua	Artemisia annua	Ara	35608
Asclepias	syriaca	Asclepias syriaca	Ass	48545
Ascomycota		Ascomycota		4890
Asparagales		Asparagales		73496
Asparagus	officinalis	Asparagus officinalis	Aso	4686
Aspergillus	niger	Aspergillus niger	Asn	5061
Aspergillus	terricola	Aspergillus terricola	Ast	36642
Aspergillus 	niger	Black mold	An	5061
Asteraceae		Asteraceae		4210
asterids		asterids		71274
Astragalus		Astragalus		20400
Astragalus	bisulcatus	Astragalus bisulcatus	Asb	20406
Astragalus	mongholicus	Astragalus mongholicus	Asm	119829
Atractylodes	lancea	Atractylodes lancea	Atl	69406
Atropa	belladonna	Atropa belladonna	Atb	33113
Auxenochlorella	pyrenoidosa	Auxenochlorella pyrenoidosa	Aup	3078
Avena		Avena		4496
Avena	clauda	Avena clauda	Avc	83523
Avena	longiglumis	Avena longiglumis	Avl	4500
Avena	prostrata	Avena prostrata	Avp	279683
Avena	sativa	Avena sativa	Avs	4498
Avena	strigosa	Avena strigosa	As3	38783
Avena	ventricosa	Avena ventricosa	Avv	146535
Azospirillum	brasilense	Azospirillum brasilense	Azb	192
Bacillariophyta		Bacillariophyta		2836
Bacillota		Bacillota		1239
Bacillus	<walking	Bacillus <walking sticks>	B<	55087
Bacillus	anthracis	Bacillus anthracis	Ba	1392
Bacillus	subtilis	Bsubtilis	Bs	1423
Bacillus	subtilis	Bacillus subtilis	Bas	224308
Bacteria	<bacteria>	Bacteria <bacteria>	Ba<	2
Bacteroidota		Bacteroidota		976
Balsaminaceae		Balsaminaceae		25692
Barnadesia	spinosa	Barnadesia spinosa	Bs2	171760
Basidiomycota		Basidiomycota		5204
Batis	maritima	Batis maritima	Bm	4436
Berberidaceae		Berberidaceae		41773
Berberis		Berberis		22774
Berberis	beaniana	Berberis beaniana	Bb	22774
Berberis	stolonifera	Berberis stolonifera	Bes	33814
Berberis	Wilsoniae	Berberis Wilsoniae	Bw	22774
Beta	vulgaris	Beta vulgaris	Bev	3555
Beta 	vulgaris 	Sugar Beet 	Bv	3555
Betula		Betula		3504
Betula	pubescens	Betula pubescens	Bp	38787
Bifidobacterium	longum	Bifidobacterium longum	Bl	216816
Bixa	orellana	Bixa orellana	Bo	66672
Blighia	sapida	Blighia sapida	Bls	259381
Boraginaceae		Boraginaceae		21571
Bos	taurus	Cow	Bt	9913
Bos	taurus	Bos taurus	Bot	9913
Botryococcaceae		Botryococcaceae		38879
Botryococcus	braunii	Botryococcus braunii	Bob	869302
Brassica	juncea	Brassica juncea	Bj	3707
Brassica	napus	Brassica napus	Brn	3708
Brassica	nigra	Brassica nigra	Bn2	3710
Brassica	oleracea	Brassica oleracea	Bro	3715
Brassica	rapa	Brassica rapa	Br	51351
Brassica 	napus 	Rapeseed 	Bn	3708
Brassicaceae		Brassicaceae		3700
Brassicales		Brassicales		3699
Bromus	inermis	Bromus inermis	Bi	15371
Bruguiera	gymnorhiza	Bruguiera gymnorhiza	Bg	39984
Bryophyta		Bryophyta		3208
Bryopsida		Bryopsida		3214
Caenorhabditis	elegans	Celegans	Ce	6239
Caenorhabditis	elegans	Caenorhabditis elegans	Cae	6239
Calendula	officinalis	Calendula officinalis	Co	41496
Camellia		Camellia		4441
Camellia	irrawadiensis	Camellia irrawadiensis	Cai	153142
Camellia	ptilophylla	Camellia ptilophylla	Cp	319931
Camellia	sinensis	Camellia sinensis	Cas	542762
Camellia	taliensis	Camellia taliensis	Cat	4441
Camptotheca		Camptotheca		16921
Camptotheca	acuminata	Camptotheca acuminata	Caa	16922
Canavalia	ensiformis	Canavalia ensiformis	Ce2	3823
Canavalia	lineata	Canavalia lineata	Cl	28957
Canis	familiaris	Dog	Cf	9615
Cannabaceae		Cannabaceae		3481
Cannabis		Cannabis		3482
Cannabis	sativa	Cannabis sativa	Cs2	3483
Capsicum		Capsicum		4071
Capsicum	annuum	Capsicum annuum	Ca2	4072
Capsicum	baccatum	Capsicum baccatum	Cb	33114
Capsicum	chinense	Capsicum chinense	Cc	80379
Capsicum	frutescens	Capsicum frutescens	Caf	4073
Carapichea	ipecacuanha	Carapichea ipecacuanha	Ci2	77880
Carica	papaya	Carica papaya	Cap	3649
Carpobrotus	acinaciformis	Carpobrotus acinaciformis	Ca3	141999
Carthamus	tinctorius	Carthamus tinctorius	Ct2	4222
Carum	carvi	Carum carvi	Cac	48032
Caryophyllaceae		Caryophyllaceae		3568
Caryophyllales		Caryophyllales		3524
Cassia	coluteoides	Cassia coluteoides	Cc2	53851
Catharanthus	roseus	Catharanthus roseus	Cr	4058
Caulobacter	vibrioides		Cv	155892
cellular	organisms	cellular organisms	Ceo	131567
Celosia	cristata	Celosia cristata	Cec	124768
Centaurium	erythraea	Centaurium erythraea	Cee	172057
Cephalocereus	senilis	Cephalocereus senilis	Ces	223054
Cerastium	arvense	Cerastium arvense	Cea	271558
Ceratodon	purpureus	Ceratodon purpureus	Cep	3225
Cereibacter	sphaeroides	Cereibacter sphaeroides	Cs3	349101
Cestrum	elegans	Cestrum elegans	Ce3	103475
Chelidonium	majus	Chelidonium majus	Cm	71251
Chlamydia	trachomatis	Chlamydia trachomatis	Cht	813
Chlamydiae/Verrucomicrobia	group	Chlamydiae/Verrucomicrobia group	Cg	51290
Chlamydomonadales		Chlamydomonadales		3042
Chlamydomonas	reinhardtii	Chlamydomonas reinhardtii	Chr	3055
Chlorella	sp.	Chlorella sp. (Roon 68)	Chs	3071
Chlorophyta		Chlorophyta		3041
Chrysanthemum		Chrysanthemum		13422
Chrysanthemum	x	Chrysanthemum x morifolium	Cx	41568
Chrysosplenium	americanum	Chrysosplenium americanum	Cha	36749
Cicer	arietinum	Cicer arietinum	Cia	3827
Cichorium	intybus	Cichorium intybus	Cii	13427
Cinchona		Cinchona		43462
Cinchona	calisaya	Cinchona calisaya	Cic	153742
Cinchona	macrocalyx	Cinchona macrocalyx	Cim	273779
Cinchona	mutisii	Cinchona mutisii	Cm2	273780
Cinchona	officinalis	Cinchona officinalis	Cio	273781
Cinchona	pitayensis	Cinchona pitayensis	Cip	128294
Cinchona	pubescens	Cinchona pubescens	Cp2	50278
Cinnamomum	tenuipile	Cinnamomum tenuipile	Cit	192326
Ciona	intestinalis	Sea Squirt	Ci	7719
Cistus		Cistus		69451
Cistus	creticus	Cistus creticus	Cc3	191224
Citrullus	lanatus	Citrullus lanatus	Cil	3654
Citrus		Citrus		2706
Citrus	hanaju	Citrus hanaju	Ch	481547
Citrus	japonica	Citrus japonica	Cj	76966
Citrus	junos	Citrus junos	Cij	135197
Citrus	maxima	Citrus maxima	Cm3	37334
Citrus	sinensis	Sweet orange	Cs	2711
Citrus	sinensis	Citrus sinensis	Cis	2711
Citrus	trifoliata	Citrus trifoliata	Ct3	37690
Citrus	unshiu	Citrus unshiu	Cu	55188
Citrus	x	Citrus x aurantium	Cix	43166
Citrus	x	Citrus x clementina	Cx2	85681
Citrus	x	Citrus x microcarpa	Cx3	164113
Citrus	x	Citrus x paradisi	Cx4	37656
Cladonia		Cladonia		5199
Clarkia	breweri	Clarkia breweri	Clb	36903
Cleretum	bellidiforme	Cleretum bellidiforme	Cb2	90527
Clitoria	ternatea	Clitoria ternatea	Clt	43366
Clostridium	acetobutylicum	Clostridium acetobutylicum	Cla	272562
Clostridium	botulinum	Clostridium botulinum	Cb3	1491
Clostridium	kluyveri	Clostridium kluyveri	Ck	1534
Clostridium	thermocellum	Cthe	Ct	1515
Coffea		Coffea		13442
Coffea	abeokutae	Coffea abeokutae	Coa	213304
Coffea	arabica	Coffee	Ca	13443
Coffea	arabica	Coffea arabica	Ca4	13443
Coffea	canephora	Coffea canephora	Coc	49390
Coffea	eugenioides	Coffea eugenioides	Coe	49369
Coffea	liberica	Coffea liberica	Col	49373
Coix	lacryma-jobi	Coix lacryma-jobi	Cl2	4505
Colchicum	autumnale	Colchicum autumnale	Ca5	45005
Coleus	scutellarioides	Coleus scutellarioides	Cos	4142
commelinids		commelinids		4734
Coniferophyta		Coniferophyta		3312
Conium	maculatum	Conium maculatum	Com	13447
Consolida	orientalis	Consolida orientalis	Coo	565971
Coptis	chinensis	Coptis chinensis	Cc4	261450
Coptis	japonica	Coptis japonica	Coj	397412
Coptis	teeta	Coptis teeta	Cot	261448
Corallococcus	coralloides	Corallococcus coralloides	Cc5	184914
Coreopsis	grandiflora	Coreopsis grandiflora	Cog	13449
Coriandrum	sativum	Coriandrum sativum	Cs4	4047
Corydalis	cava	Corydalis cava	Cc6	3463
Corydalis	vaginans	Corydalis vaginans	Cov	3463
Crambe	hispanica	Crambe hispanica	Crh	70124
Crepis	alpina	Crepis alpina	Cra	72610
Crepis	palaestina	Crepis palaestina	Crp	72611
Crocus	sativus	Crocus sativus	Crs	82528
Croton		Croton		100370
Croton	stellatopilosus	Croton stellatopilosus	Cs5	431156
Croton	sublyratus	Croton sublyratus	Cs6	107238
Cryptomeria	japonica	Cryptomeria japonica	Crj	3369
Cucumis	melo	Cucumis melo	Cum	3656
Cucumis	sativus	Cucumis sativus	Cus	3659
Cucurbita	maxima	Cucurbita maxima	Cm4	3661
Cucurbita	pepo	Cucurbita pepo	Cup	3663
Cucurbita	pepo	Cucurbita pepo medullosa	Cp3	3663
Cucurbitales		Cucurbitales		71239
Cupressus		Cupressus		13468
Curcuma		Curcuma		99568
Curcuma	longa	Curcuma longa	Cul	136217
Cyanidioschyzon	merolae	Cyanidioschyzon merolae	Cym	45157
Cyanobacteriota		Cyanobacteriota		1117
Cymbopogon	martinii	Cymbopogon martinii	Cm5	79837
Cyperus		Cyperus		4610
Cyperus	iria	Cyperus iria	Cyi	388567
Cystobacter	fuscus	Cystobacter fuscus	Cyf	43
Cytophaga	hutchinsonii	Cytophaga hutchinsonii	Cyh	985
Dahlia	pinnata	Dahlia pinnata	Dap	101596
Dahlia	variabilis	Dahlia variabilis	Dv	101602
Dalbergia	cochinchinensis	Dalbergia cochinchinensis	Dc	106130
Dalbergia	nigrescens	Dalbergia nigrescens	Dan	298683
Danio	rerio	Zebrafish	Dr	7955
Danio	rerio	Danio rerio	Dar	7955
Daphne	odora	Daphne odora	Do	66679
Daphnia	magna		Da	35525
Daphnia	pulex		Dp	6669
Dasypus	novemcinctus	Armadillo	Dn	9361
Datura	inoxia	Datura inoxia	Di	4075
Datura	stramonium	Datura stramonium	Ds	4076
Daucus	carota	Daucus carota	Dac	4039
Davallia	trichomanoides	Davallia trichomanoides	Dt	328206
Delftia	acidovorans	Delftia acidovorans	Dea	80866
Delphinium	grandiflorum	Delphinium grandiflorum	Dg	85439
Derris	elliptica	Derris elliptica	De	56063
Desmodium	uncinatum	Desmodium uncinatum	Du	225101
Dianthus		Dianthus		3569
Dianthus	caryophyllus	Dianthus caryophyllus	Dic	3570
Dicranum	scoparium	Dicranum scoparium	Dis	3222
Dictyoptera	<insects>	Dictyoptera <insects>	D<	6970
Dictyostelium	discoideum	Dictyostelium discoideum	Dd	44689
Digitalis		Digitalis		4163
Digitalis	lanata	Digitalis lanata	Dl	49450
Digitalis	purpurea	Digitalis purpurea	Dip	4164
Dimorphotheca	sinuata	Dimorphotheca sinuata	Ds2	112408
Diospyros	kaki	Diospyros kaki	Dk	35925
Diptera		Diptera		7147
Dolichandra	unguis-cati	Dolichandra unguis-cati	Dou	73871
Drosophila	melanogaster	Fruitfly	Dm	7227
Dryopteris	crassirhizoma	Dryopteris crassirhizoma	Drc	97234
Echinops	telfairi	Hedgehog	Et	9371
Embryophyta		Embryophyta		3193
Enterococcus	faecalis	Enterococcus faecalis	Ef	1351
Ephedra		Ephedra		3387
Ephedra	gerardiana	Ephedra gerardiana	Eg	42328
Equisetum		Equisetum		3257
Equisetum	arvense	Equisetum arvense	Ea	3258
Equus	caballus	Horse	Qc	9796
Erwinia	amylovora	Erwinia amylovora	Era	552
Erythroxylaceae		Erythroxylaceae		22118
Erythroxylum	coca	Erythroxylum coca	Erc	289672
Escherichia	coli	Ecoli	Ec	562
Escherichia	coli	Escherichia coli	Esc	83333
Eschscholzia	californica	Eschscholzia californica	Ec2	3467
Eucalyptus	piperita	Eucalyptus piperita	Ep	87677
eudicotyledons		eudicotyledons		71240
Euglena	gracilis	Euglena gracilis	Eug	3039
Euglenida		Euglenida		3035
Euglenozoa		Euglenozoa		33682
Eukaryota		Eukaryota		2759
Euonymus	alatus	Euonymus alatus	Eua	4307
Euphorbia	lagascae	Euphorbia lagascae	El	54672
Euphorbiaceae		Euphorbiaceae		3977
Euphyllophyta		Euphyllophyta		78536
Eustoma	grandiflorum	Eustoma grandiflorum	Eg2	52518
Evernia		Evernia		87256
Fabaceae		Fabaceae		3803
Fabales		Fabales		72025
Fagopyrum	esculentum	Fagopyrum esculentum	Fe	3617
Fagopyrum	tataricum	Fagopyrum tataricum	Ft	62330
Fagus	crenata	Fagus crenata	Fc	28929
Felis	catus	Felis catus	Fec	9685
Flaveria	bidentis	Flaveria bidentis	Fb	4224
Flaveria	chlorifolia	Flaveria chlorifolia	Flc	4228
Fluviicola	taffensis	Fluviicola taffensis	Flt	191579
Foeniculum	vulgare	Foeniculum vulgare	Fv	48038
Forsythia	koreana	Forsythia koreana	Fk	205692
Forsythia	x	Forsythia x intermedia	Fx	55183
Fragaria		Fragaria		3746
Fragaria	x	Fragaria x ananassa	Frx	3747
Fumarioideae		Fumarioideae		3462
Fungi		Fungi		4751
Fusarium	fujikuroi	Fusarium fujikuroi	Ff	5127
Galanthus	elwesii	Galanthus elwesii	Ge	82232
Galium	mollugo	Galium mollugo	Gam	254777
Gallus	gallus	Chicken	Gg	9031
Gardenia	jasminoides	Gardenia jasminoides	Gj	114476
Gemmata	obscuriglobus	Gemmata obscuriglobus	Go	114
Gemmata	sp.	Gemmata sp. Wa1-1	Gs	235140
Gentiana	straminea	Gentiana straminea	Ges	50768
Gentiana	triflora	Gentiana triflora	Gt	55190
Gerbera	hybrid	Gerbera hybrid cultivar	Gh	18101
Gibberella	zeae	Fusarium graminearum	Gz	5518
Ginkgo	biloba	Ginkgo biloba	Gb	3311
Glandularia	x	Glandularia x hybrida	Gx	76714
Glebionis	segetum	Glebionis segetum	Gls	118509
Glycine	max	Soybean	Gm	3847
Glycine	max	Glycine max	Glm	3847
Glycyrrhiza	echinata	Glycyrrhiza echinata	Gle	46348
Glycyrrhiza	glabra	Glycyrrhiza glabra	Glg	49827
Glycyrrhiza	uralensis	Glycyrrhiza uralensis	Gu	74613
Gossypium		Gossypium		3633
Gossypium	arboreum	Gossypium arboreum	Ga	29729
Gossypium	barbadense	Gossypium barbadense	Gob	3634
Gossypium	hirsutum	Gossypium hirsutum	Goh	3635
Guatteria	blepharophylla	Guatteria blepharophylla	Gub	402568
Guatteria	friesiana	Guatteria friesiana	Gf	402569
Guatteria	hispida	Guatteria hispida	Guh	402570
Gunneridae		Gunneridae		91827
Gypsophila	vaccaria	Gypsophila vaccaria	Gv	39387
Gyrinops		Gyrinops		223756
Haematococcus	lacustris	Haematococcus lacustris	Hl	44745
Haemodoraceae		Haemodoraceae		54924
Halobacterium	salinarum	Halobacterium salinarum	Has	2242
Haloferax	volcanii	Haloferax volcanii	Hav	2246
Haptophyta		Haptophyta		2830
Hedychium		Hedychium		4645
Helianthus	annuus	Helianthus annuus	Ha	4232
Helianthus	tuberosus	Helianthus tuberosus	Ht	4233
Helicobacter	pylori	Helicobacter pylori	Hp	85962
Hevea	brasiliensis	Hevea brasiliensis	Hb	3981
Homo	sapiens	Human	Hs	9606
Homo	sapiens	Homo sapiens	Hos	9606
Hordeum		Hordeum		4512
Hordeum	lechleri	Hordeum lechleri	Hol	38856
Hordeum	vulgare	Hordeum vulgare	Hov	4513
Hordeum 	vulgare 	Barley 	Hv	4513
Humulus	lupulus	Humulus lupulus	Hul	3486
Hydrangea	macrophylla	Hydrangea macrophylla	Hm	23110
Hyoscyamus	albus	Hyoscyamus albus	Hya	310458
Hyoscyamus	muticus	Hyoscyamus muticus	Hym	35626
Hyoscyamus	niger	Hyoscyamus niger	Hn	4079
Hypericum	androsaemum	Hypericum androsaemum	Ha2	140968
Hypericum	calycinum	Hypericum calycinum	Hc	55963
Hypericum	perforatum	Hypericum perforatum	Hyp	65561
Hyphomicrobiales		Hyphomicrobiales		356
Hyphomicrobium	zavarzinii	Hyphomicrobium zavarzinii	Hz	48292
Ilex	paraguariensis	Yerba mate	Ip	185542
Impatiens	balsamina	Impatiens balsamina	Ib	63779
Ipomoea	batatas	Ipomoea batatas	Ipb	4120
Ipomoea	nil	Ipomoea nil	In	35883
Ipomoea	purpurea	Ipomoea purpurea	Ipp	4121
Iridaceae		Iridaceae		26339
Jacquinia	angustifolia	Jacquinia angustifolia	Ja	85894
Juglandaceae		Juglandaceae		16714
Juglans	regia	Juglans regia	Jr	51240
Kandelia	candel	Kandelia candel	Kc	61147
Klebsiella	oxytoca	Klebsiella oxytoca	Ko	571
Klebsiella	pneumoniae	Klebsiella pneumoniae	Kp	573
Lachancea		Lachancea		300275
Lacticaseibacillus	casei	Lacticaseibacillus casei	Lc	1582
Lactococcus	lactis	Lactococcus lactis	Ll	1358
Lactuca	sativa	Lactuca sativa	Ls	4236
Lactuca	sativa	Lactuca sativa romaine	Las	4236
Lamiaceae		Lamiaceae		4136
Lamiales		Lamiales		4143
lamiids		lamiids		91888
Lamium	galeobdolon	Lamium galeobdolon	Lg	53161
Lampranthus	sociorum	Lampranthus sociorum	Ls2	188838
Lathyrus	odoratus	Lathyrus odoratus	Lo	3859
Lathyrus	tingitanus	Lathyrus tingitanus	Lt	3862
Lavandula	angustifolia	Lavandula angustifolia	Laa	39329
Lawsonia	inermis	Lawsonia inermis	Li	141191
Lecanora		Lecanora		39934
Lecanorales		Lecanorales		5197
Lemna	aequinoctialis	Lemna aequinoctialis	Lea	89585
Lemna	minor	Lemna minor	Lm	4472
Lens	culinaris	Lens culinaris	Lec	3864
Lepidium	sativum	Lepidium sativum	Les	33125
Leucaena	leucocephala	Leucaena leucocephala	Lel	3866
Lilium	longiflorum	Lilium longiflorum	Lil	4690
Limnanthes	alba	Limnanthes alba	Lia	42439
Limnanthes	douglasii	Limnanthes douglasii	Ld	28973
Limonium	latifolium	Limonium latifolium	Ll2	227291
Linaceae		Linaceae		4004
Linum		Linum		4005
Linum	flavum	Linum flavum	Lf	407263
Linum	nodiflorum	Linum nodiflorum	Ln	407264
Linum	perenne	Linum perenne	Lp	35941
Linum	usitatissimum	Linum usitatissimum	Lu	4006
Lithospermum	erythrorhizon	Lithospermum erythrorhizon	Le	34254
Loganiaceae		Loganiaceae		26468
Lotus	corniculatus	Lotus corniculatus	Loc	47247
Lotus	japonicus	Lotus japonicus	Lj	34305
Loxodonta	africana	Elephant	La	9785
Lunaria	annua	Lunaria annua	Lua	153659
Lupinus	albus	Lupinus albus	La2	3870
Lupinus	angustifolius	Lupinus angustifolius	La3	3871
Lupinus	luteus	Lupinus luteus	Lul	3873
Lupinus	polyphyllus	Lupinus polyphyllus	Lup	3874
Lupinus	termis	Lupinus termis	Lut	3869
Lycopersicon	hirsutum	Lycopersicon hirsutum	Lh	283673
Lygodium	circinatum	Lygodium circinatum	Lyc	84615
Macaca	mulatta	Rhesus Monkey	Ml	9544
Magnolia		Magnolia		3402
Magnolia	grandiflora	Magnolia grandiflora	Mg	3406
Magnolia	obovata	Magnolia obovata	Mo	349509
Magnoliaceae		Magnoliaceae		3401
Magnoliopsida		Magnoliopsida		3398
Malus	domestica	Malus domestica	Mad	3750
Malus	hupehensis	Malus hupehensis	Mh	106556
Malus	pumila	Malus pumila	Mp	283210
Malus	sp.	Malus sp.	Ms	3751
Malvaceae		Malvaceae		3629
Mammalia		Mammalia		40674
Manihot	esculenta	Manihot esculenta	Me	510188
Matthiola	incana	Matthiola incana	Mi	3724
Medicago	sativa	Medicago sativa	Mes	3879
Medicago	truncatula	Medicago truncatula	Mt	3880
Megathyrsus	maximus	Megathyrsus maximus	Mem	59788
Melilotus	albus	Melilotus albus	Ma	47082
Menispermaceae		Menispermaceae		3455
Mentha	aquatica	Mentha aquatica	Mea	650269
Mentha	spicata	Mentha spicata	Ms2	29719
Mentha	x	Mentha x gracilis	Mex	241069
Mentha	x	Mentha x piperita	Mx2	34256
Mesembryanthemum	crystallinum	Mesembryanthemum crystallinum	Mc	3544
Metazoa		Metazoa		33208
Methanobacteria		Methanobacteria		183925
Methanocaldococcus	jannaschii	Methanocaldococcus jannaschii	Mj	2190
Methanosarcina	mazei	Methanosarcina mazei	Mm2	2209
Methanosarcina	thermophila	Methanosarcina thermophila	Met	2210
Methanothermobacter	marburgensis	Methanothermobacter marburgensis	Mm3	79929
Methyloceanibacter	caenitepidi	Methyloceanibacter caenitepidi	Mec	1384459
Methylococcus	capsulatus	Methylococcus capsulatus	Mc2	414
Methylorubrum	extorquens	Methylorubrum extorquens	Mee	408
Methylosphaera	hansonii	Methylosphaera hansonii	Meh	51353
Micrococcus	luteus	Micrococcus luteus	Mil	1270
Mirabilis	jalapa	Mirabilis jalapa	Mij	3538
Momordica	charantia	Momordica charantia	Moc	3673
Monodelphis	domestica	Opossum	Md	13616
Mus	musculus	Mouse	Mm	10090
Mus	musculus	Mus musculus	Mum	10090
Musa	acuminata	Musa acuminata	Mua	4641
Musaceae		Musaceae		4637
Mycobacterium	avium	Mycobacterium avium complex (MAC)	Mya	120793
Mycobacterium	kansasii	Mycobacterium kansasii	Mk	1768
Mycobacterium	tuberculosis	Mtuberculosis	Mx	1773
Mycobacterium	tuberculosis	Mycobacterium tuberculosis	Myt	83332
Mycolicibacterium	fortuitum	Mycolicibacterium fortuitum	Mf	1766
Mycolicibacterium	phlei	Mycolicibacterium phlei	Myp	1771
Mycoplasmoides	pneumoniae	Mycoplasmoides pneumoniae	Mp2	272634
Myxococcales		Myxococcales		29
Nannocystis	exedens	Nannocystis exedens	Ne	54
Narcissus	aff.	Narcissus aff. pseudonarcissus MK-2014	Na	1540222
Narcissus	pseudonarcissus	Narcissus pseudonarcissus	Np	39639
Nepenthaceae		Nepenthaceae		4374
Nepenthes	alata	Nepenthes alata	Nea	4376
Nepenthes	gracilis	Nepenthes gracilis	Ng	150966
Nepenthes	mirabilis	Nepenthes mirabilis	Nm	150983
Nepenthes	rafflesiana	Nepenthes rafflesiana	Nr	150990
Neptunia		Neptunia		138526
Nerine	bowdenii	Nerine bowdenii	Nb	59042
Neurospora	crassa	Neurospora crassa	Nc	5141
Nicotiana		Nicotiana		4085
Nicotiana	attenuata	Nicotiana attenuata	Nia	49451
Nicotiana	benthamiana	Nicotiana benthamiana	Nib	4100
Nicotiana	glutinosa	Nicotiana glutinosa	Nig	35889
Nicotiana	plumbaginifolia	Nicotiana plumbaginifolia	Nip	4092
Nicotiana	rustica	Nicotiana rustica	Nir	4093
Nicotiana	sylvestris	Nicotiana sylvestris	Ns	4096
Nicotiana	tabacum	Tabacco	Nt	4097
Nicotiana	tabacum	Nicotiana tabacum	Nit	4097
Nitrosopumilus	maritimus	Nitrosopumilus maritimus	Nim	338192
Nothapodytes	nimmoniana	Nothapodytes nimmoniana	Nn	159386
Nyctaginaceae		Nyctaginaceae		3536
Ocimum	basilicum	Ocimum basilicum	Ob	39350
Olea	europaea	Olea europaea	Oe	4146
Ophiorrhiza	japonica	Ophiorrhiza japonica	Oj	367363
Ophiorrhiza	pumila	Ophiorrhiza pumila	Op	157934
Opisthokonta		Opisthokonta		33154
Ornithorhynchus	anatinus	Platypus	Oa	9258
Orthoptera		Orthoptera		6993
Oryctolagus	cuniculus	Rabbit	Oc	9986
Oryza		Oryza		4527
Oryza	sativa	Japanese Rice	Os	4530
Oryza	sativa	Oryza sativa	Ors	4530
Oryzias	latipes	Medaka Fish	Ol	8090
Ostreococcus	sp.	Ostreococcus sp. lucimarinus	Oss	242159
Ovis	aries	sheep	Ova	9940
Oxybasis	rubra	Oxybasis rubra	Or	3560
Pan 	troglodytes	Chimp	Pt	9598
Panax		Panax		4053
Panax	ginseng	Panax ginseng	Pg	4054
Panax	notoginseng	Panax notoginseng	Pn	44586
Panicum	miliaceum	Panicum miliaceum	Pm	4540
Panicum	virgatum	Panicum virgatum	Pv	38727
Pantoea	agglomerans	Pantoea agglomerans	Pa	549
Pantoea	ananatis	Pantoea ananatis	Paa	553
Papaver	somniferum	Papaver somniferum	Ps	3469
Papaveraceae		Papaveraceae		3465
Passiflora	edulis	Passiflora edulis	Pae	78168
Paul's	Scarlet	Paul's Scarlet Climber Rose	Pas	74647
Paullinia	cupana	Guarana	Pc	392747
Peganum	harmala	Peganum harmala	Ph	43879
Pelargonium	crispum	Pelargonium crispum	Pec	4030
Pericallis	cruenta	Pericallis cruenta	Pc2	98709
Perilla	citriodora	Perilla citriodora	Pc3	121094
Perilla	frutescens	Beefsteak plant	Pe	48386
Perilla	frutescens	Perilla frutescens	Pef	48386
Persea	americana	Persea americana	Pea	3435
Persicaria	tinctoria	Persicaria tinctoria	Pet	96455
Petiveria	alliacea	Petiveria alliacea	Pa2	46142
Petroselinum	crispum	Petroselinum crispum	Pc4	4043
Petunia		Petunia		4101
Petunia	x	Petunia x hybrida	Px	4102
Phaeophyceae		Phaeophyceae		2870
Phaseolus	coccineus	Phaseolus coccineus	Phc	3886
Phaseolus	lunatus	Phaseolus lunatus	Pl	3884
Phaseolus	vulgaris	Phaseolus vulgaris	Phv	3885
Phlebodium	aureum	Phlebodium aureum	Pha	218620
Phleum	pratense	Phleum pratense	Php	15957
Phragmites	australis	Phragmites australis	Pa3	29695
Physaria		Physaria		98028
Physaria	fendleri	Physaria fendleri	Phf	63442
Physaria	kathryn	Physaria kathryn	Pk	98028
Physaria	lindheimeri	Physaria lindheimeri	Phl	439687
Physcomitrium	patens	Physcomitrium patens	Pp2	3218
Picea	abies	Picea abies	Pia	3329
Picea	glauca	Picea glauca	Pig	3330
Pimpinella		Pimpinella		40958
Pimpinella	anisum	Pimpinella anisum	Pa4	271192
Pinidae		Pinidae		3313
Pinus	banksiana	Pinus banksiana	Pb	3353
Pinus	contorta	Pinus contorta	Pic	3339
Pinus	densiflora	Pinus densiflora	Pd	77912
Pinus	ponderosa	Pinus ponderosa	Pip	55062
Pinus	sabiniana	Pinus sabiniana	Pis	268869
Pinus	strobus	Pinus strobus	Ps2	3348
Pinus	sylvestris	Pinus sylvestris	Ps3	3349
Pinus	taeda	Pinus taeda	Pit	3352
Piper	nigrum	Piper nigrum	Pin	13216
Piperaceae		Piperaceae		16739
Pisum	sativum	Pisum sativum	Ps4	3888
Planctomycetota		Planctomycetota		203682
Plantago	major	Plantago major	Plm	29818
Plasmodium	falciparum	Malaria parasite	Pf	5833
Plasmodium	falciparum	Plasmodium falciparum	Plf	5833
Plectranthus	barbatus	Plectranthus barbatus	Plb	41228
Plumbaginaceae		Plumbaginaceae		4437
Plumbago	europaea	Plumbago europaea	Ple	114226
Plumbago	indica	Plumbago indica	Pli	122308
Poaceae		Poaceae		4479
Poales		Poales		38820
Podophyllum	peltatum	Podophyllum peltatum	Pop	35933
Pogostemon	cablin	Pogostemon cablin	Poc	28511
Polaribacter	filamentus	Polaribacter filamentus	Pof	53483
Pontederiaceae		Pontederiaceae		16367
Populus		Populus		3689
Populus	alba	Populus alba	Poa	43335
Populus	deltoides	Populus deltoides	Pod	3696
Populus	nigra	Populus nigra	Pon	3691
Populus	tremula	Populus tremula x Populus alba	Pot	80863
Populus	tremula	Populus tremula x Populus tremuloides	Pt2	47664
Populus	trichocarpa	Western Balsam Poplar	Pi	3694
Populus	trichocarpa	Populus trichocarpa	Pt3	3694
Populus	trichocarpa	Populus trichocarpa x Populus deltoides	Pt4	3695
Portulaca	grandiflora	Portulaca grandiflora	Pog	3583
Prunus	dulcis	Prunus dulcis	Prd	3755
Prunus	mume	Prunus mume	Prm	102107
Prunus	serotina	Prunus serotina	Prs	23207
Prymnesium	parvum		Pp	97485
Pseudomonadota		Pseudomonadota		1224
Pseudomonas		Pseudomonas		286
Pseudomonas	aeruginosa	Pseudomonas aeruginosa	Psa	287
Pseudomonas	fluorescens	Pseudomonas fluorescens	Psf	294
Psilotum	nudum	Psilotum nudum	Psn	3240
Pteridaceae		Pteridaceae		13819
Pteris	vittata	Pteris vittata	Ptv	13821
Pueraria	montana	Pueraria montana	Pum	3893
Punica	granatum	Punica granatum	Pug	22663
Pyrus	pyrifolia	Pyrus pyrifolia	Pyp	3767
Quercus	robur	Quercus robur	Qr	38942
Quercus	rubra	Quercus rubra	Qur	3512
Ramalina		Ramalina		56479
Ranunculaceae		Ranunculaceae		3440
Ranunculales		Ranunculales		41768
Raphanus	sativus	Raphanus sativus	Rs	3726
Rattus	norvegicus	Rat	Rn	10116
Rattus	norvegicus	Rattus norvegicus	Ran	10116
Rauvolfia	serpentina	Rauvolfia serpentina	Ras	4060
Rheum	palmatum	Rheum palmatum	Rp	137221
Rheum	tataricum	Rheum tataricum	Rt	205071
Rhizobium	phaseoli	Rhizobium phaseoli	Rhp	396
Rhizophora	apiculata	Rhizophora apiculata	Ra	106626
Rhizophora	mangle	Rhizophora mangle	Rm	40031
Rhizophora	stylosa	Rhizophora stylosa	Rhs	98588
Rhizophoraceae		Rhizophoraceae		40029
Rhodiola	rosea	Rhodiola rosea	Rr	203015
Rhodiola	sachalinensis	Rhodiola sachalinensis	Rs2	265354
Rhodobacter	capsulatus	Rhodobacter capsulatus	Rc	272942
Rhodophyta		Rhodophyta		2763
Rhodotorula	glutinis	Rhodotorula glutinis	Rg	5535
Rhus	typhina	Rhus typhina	Rht	255348
Ricinus	communis	Ricinus communis	Ric	3988
Robinia	pseudoacacia	Robinia pseudoacacia	Rop	35938
Rosa		Rosa		3764
Rosa	chinensis	Rosa chinensis	Roc	74649
Rosa	hybrid	Rosa hybrid cultivar	Rh	128735
Rosaceae		Rosaceae		3745
Rosales		Rosales		3744
rosids		rosids		71275
Rosmarinus	officinalis	Rosemary	Ro	39367
Rubia	tinctorum	Rubia tinctorum	Rut	29802
Rubiaceae		Rubiaceae		24966
Rubus		Rubus		23216
Rubus	idaeus	Rubus idaeus	Ri	32247
Rudbeckia	hirta	Rudbeckia hirta	Ruh	52299
Ruta		Ruta		37564
Ruta	graveolens	Ruta graveolens	Rug	37565
Rutaceae		Rutaceae		23513
Saccharomyces	cerevisiae	Yeast	Sc	4932
Saccharomyces	cerevisiae	Saccharomyces cerevisiae	Sac	559292
Saccharopolyspora	spinosa	Saccharopolyspora spinosa	Sas	60894
Saccharum	officinarum	Saccharum officinarum	So	4547
Salmonella	enterica	Salmonella enterica	Se	99287
Salvia	fruticosa	Greek sage	Sf	268906
Salvia	fruticosa	Salvia fruticosa	Saf	268906
Salvia	officinalis	Salvia officinalis	Sao	38868
Salvia	rosmarinus	Salvia rosmarinus	Sr	39367
Salvia	splendens	Salvia splendens	Ss2	180675
Salvia	stenophylla	Salvia stenophylla	Ss3	202612
Sanguinaria	canadensis	Sanguinaria canadensis	Sc2	3472
Santalum		Santalum		35973
Santalum	album	Santalum album	Saa	35974
Santalum	austrocaledonicum	Santalum austrocaledonicum	Sa2	293154
Santalum	spicatum	Santalum spicatum	Ss4	453088
Sarcina	ventriculi	Sarcina ventriculi	Sv	1267
Saussurea	medusa	Saussurea medusa	Sam	137893
Saxifraga	stolonifera	Saxifraga stolonifera	Ss5	182070
Saxifragales		Saxifragales		41946
Schizonepeta	tenuifolia	Schizonepeta tenuifolia	Sct	135200
Schizosaccharomyces	pombe	Schizosaccharomyces pombe	Sp	4896
Scutellaria	baicalensis	Scutellaria baicalensis	Scb	65409
Scutellaria	viscidula	Scutellaria viscidula	Scv	512023
Secale	cereale	Secale cereale	Sec	4550
Selaginella	lepidophylla	Selaginella lepidophylla	Sel	59777
Senecio	vernalis	Senecio vernalis	Sev	93496
Senecio	vulgaris	Senecio vulgaris	Sv2	76276
Serratia	marcescens	Serratia marcescens	Sem	615
Sesamum	alatum	Sesamum alatum	Sea	300844
Sesamum	indicum	Sesamum indicum	Si	4182
Sesamum	radiatum	Sesamum radiatum	Ser	300843
Sesbania	rostrata	Sesbania rostrata	Sr2	3895
Setaria	italica	Setaria italica	Sei	4555
Silene	dioica	Silene dioica	Sd	39879
Silene	latifolia	Silene latifolia	Sil	52853
Simmondsia	chinensis	Simmondsia chinensis	Sic	3999
Sinningia	cardinalis	Sinningia cardinalis	Sc3	189007
Sinopodophyllum	hexandrum	Sinopodophyllum hexandrum	Sh	93608
Skeletonema	marinoi		Sm	267567
Solanaceae		Solanaceae		4070
Solanum		Solanum		4107
Solanum	aculeatissimum	Solanum aculeatissimum	Soa	267265
Solanum	habrochaites	Solanum habrochaites	Soh	62890
Solanum	lycopersicum	Tomato	Sl	4081
Solanum	lycopersicum	Solanum lycopersicum	Sol	4081
Solanum	melongena	Solanum melongena	Som	4111
Solanum	pennellii	Solanum pennellii	Sop	28526
Solanum	tuberosum		St	4113
Solanum	tuberosum	Solanum tuberosum	Sot	4113
Solidago	canadensis	Solidago canadensis	Soc	59297
Sophora		Sophora		3896
Sophora	flavescens	Sophora flavescens	Sof	49840
Sorbus	aucuparia	Sorbus aucuparia	Sa3	36599
Sorex	araneus	Shrew	Sa	42254
Sorghum	bicolor	Sorghum	Sb	4558
Sorghum	bicolor	Sorghum bicolor	Sob	4558
Spartina		Spartina		15853
Spermatophyta		Spermatophyta		58024
Spinacia	oleracea	Spinacia oleracea	Spo	3562
Spirodela	polyrhiza	Spirodela polyrhiza	Spp	29656
Sporobolus	alterniflorus	Sporobolus alterniflorus	Spa	29706
Stellaria	media	Stellaria media	Stm	13274
Sterculia	foetida	Sterculia foetida	Stf	195802
Stevia	rebaudiana	Stevia rebaudiana	Str	55670
Stigmatella	aurantiaca	Stigmatella aurantiaca	Sta	41
Stramenopiles		Stramenopiles		33634
Streptococcus	mutans	Streptococcus mutans	Sm2	1309
Streptococcus	pneumoniae	Streptococcus pneumoniae	Stp	1313
Streptomyces	antibioticus	Streptomyces antibioticus	Sa4	1890
Streptomyces	griseus	Streptomyces griseus	Sg	1911
Streptophyta		Streptophyta		35493
Streptophytina		Streptophytina		131221
Strobilanthes	cusia	Strobilanthes cusia	Stc	222567
Sus	scrofa	Pig	Ss	9823
Synechocystis		Synechocystis		1142
Synechocystis	sp.	Synechocystis sp. PCC 6803	Sys	1148
Syntrophotalea	acetylenica	Syntrophotalea acetylenica	Sya	29542
Syzygium	aromaticum	Syzygium aromaticum	Sa5	219868
Tagetes	erecta	Tagetes erecta	Te	13708
Tagetes	patula	Tagetes patula	Tp	55843
Tanacetum	balsamita	Tanacetum balsamita	Tb	301877
Tanacetum	cinerariifolium	Tanacetum cinerariifolium	Tac	118510
Tanacetum	parthenium	Tanacetum parthenium	Tap	127999
Tanacetum	vulgare	Tanacetum vulgare	Tv	128002
Taxus	baccata	Taxus baccata	Tab	25629
Taxus	brevifolia	Taxus brevifolia	Tb2	46220
Taxus	chinensis	Taxus chinensis	Tc2	29808
Taxus	cuspidata	Taxus cuspidata	Tc3	99806
Tellima	grandiflora	Tellima grandiflora	Tg	29775
Tephrosia	vogelii	Tephrosia vogelii	Tev	47097
Tetradesmus	obliquus	Tetradesmus obliquus	To	3088
Tetraodon	nigroviridis	Pufferfish	Tn	99883
Tetraselmis		Tetraselmis		3164
Thalassiosira	pseudonana	Thalassiosira pseudonana	Thp	35128
Thalictrum	bulgaricum	Thalictrum bulgaricum	Thb	46968
Thalictrum	flavum	Thalictrum flavum	Tf	150095
Thalictrum	tuberosum	Thalictrum tuberosum	Tt	79802
Theaceae		Theaceae		27065
Theobroma		Theobroma		3640
Theobroma	cacao	Cocoa	Tc	3641
Theobroma	cacao	Theobroma cacao	Thc	3641
Theophrastaceae		Theophrastaceae		16667
Thermococcus	kodakarensis	Thermococcus kodakarensis	Tk	69014
Thermotoga	maritima	Thermotoga maritima	Tm	2336
Thuja	plicata	Thuja plicata	Tp2	3316
Thunbergia	alata	Thunbergia alata	Ta	32198
Toxicodendron	vernicifluum	Toxicodendron vernicifluum	Tov	4013
Tracheophyta		Tracheophyta		58023
Trichosanthes	kirilowii	Trichosanthes kirilowii	Trk	3677
Trifolium	incarnatum	Trifolium incarnatum	Ti	60916
Trifolium	pratense	Trifolium pratense	Trp	57577
Trifolium	repens	Trifolium repens	Tr	3899
Triglochin	maritima	Triglochin maritima	Trm	55501
Triticum		Triticum		4564
Triticum	aestivum	Triticum aestivum	Tra	4565
Triticum	spelta	Triticum spelta	Ts	58933
Triticum	urartu	Triticum urartu	Tu	4572
Ulva	curvata	Ulva curvata	Uc	135247
Ulva	intestinalis	Ulva intestinalis	Ui	3116
Ulva	lactuca	Ulva lactuca	Ul	63410
Urochloa	panicoides	Urochloa panicoides	Up	37563
Usnea		Usnea		86620
Vaccinium	myrtillus	Vaccinium myrtillus	Vm	180763
Vanilla	planifolia	Vanilla planifolia	Vp	51239
Vernicia	fordii	Vernicia fordii	Vf	73154
Vernonia	<eudicots>	Vernonia <eudicots>	V<	13753
Vibrio	cholerae	Vibrio cholerae	Vc	666
Vibrio	cholerae	Vibrio cholerae O1	Vic	686
Vibrio	cholerae	Vibrio cholerae non-O1	Vc2	66861
Vibrio	furnissii	Vibrio furnissii	Vif	29494
Viburnum	furcatum	Viburnum furcatum	Vf2	237940
Vicia	faba	Vicia faba	Vf3	3906
Vicia	sativa	Vicia sativa	Vs	3909
Vigna	aconitifolia	Vigna aconitifolia	Va	3918
Vigna	angularis	Vigna angularis	Via	3914
Vigna	radiata	Vigna radiata	Vr	3916
Vigna	unguiculata	Vigna unguiculata	Vu	3917
Viridiplantae		Viridiplantae		33090
Vitis	vinifera	Wine Grape	Vv	29760
Vitis	vinifera	Vitis vinifera	Viv	29760
Wachendorfia	thyrsiflora	Wachendorfia thyrsiflora	Wt	95970
Wollastonia	biflora	Wollastonia biflora	Wb	101473
Xanthomonas	arboricola	Xanthomonas arboricola	Xa	56448
Xanthomonas	axonopodis	Xanthomonas axonopodis	Xaa	53413
Xanthophyllomyces	dendrorhous	Xanthophyllomyces dendrorhous	Xd	5421
Xenopus	tropicalis	Xenopus	Xt	8364
Zea	luxurians	Zea luxurians	Zl	15945
Zea	mays	Maize	Zm	4577
Zea	mays	Zea mays	Zem	76912
Zingiber	officinale	Zingiber officinale	Zo	94328
Zingiber	zerumbet	Zingiber zerumbet	Zz	311405
Zingiberaceae		Zingiberaceae		4642
Zingiberales		Zingiberales		4618
Zymomonas	mobilis	Zymomonas mobilis	Zym	542
